{"Root": {"연구 방법": 0.4495954796455631, "연구 결과": 0.35247848979067675, "연구 목적": 0.19792603056376012}, "연구 결과": {"성능/효과": 0.6748337735677202, "후속연구": 0.3251662264322798}, "연구 방법": {"제안 방법": 0.3478470437017995, "대상 데이터": 0.28911382462153673, "데이터처리": 0.20329905741216794, "이론/모형": 0.15974007426449585}, "연구 목적": {"문제 정의": 0.48329278183292784, "기술 정의": 0.4059610705596107, "가설 설정": 0.11074614760746147}}